{"schemaVersion":"1.0","appDefinitionTemplate":{"id":"/providers/Microsoft.PowerApps/apps/","type":"Microsoft.PowerApps/apps","tags":{"primaryDeviceWidth":"1366","primaryDeviceHeight":"768","supportsPortrait":"true","supportsLandscape":"true","primaryFormFactor":"Tablet","showStatusBar":"false","publisherVersion":"3.25051.13","minimumRequiredApiVersion":"2.2.0","hasComponent":"true","hasUnlockedComponent":"true","isUnifiedRootApp":"false","sienaVersion":"20250521T095003Z-3.25051.13.0"},"properties":{"appVersion":"2025-06-01T04:06:13Z","lifeCycleId":"Published","createdByClientVersion":{"major":3,"minor":25051,"build":13,"revision":0,"majorRevision":0,"minorRevision":0},"minClientVersion":{"major":3,"minor":25051,"build":13,"revision":0,"majorRevision":0,"minorRevision":0},"backgroundColor":"RGBA(0,176,240,1)","backgroundImageUri":"/3270233202138754615/N0fbafe13-ebb3-42df-ae30-ce84803108ab-N0fc1ae51-d61e-4a82-a46a-c6307ad4d2e6-logoSmallFile","displayName":"Power-Apps-Stationey","description":"","commitMessage":"","appUris":{"documentUri":{"value":"/3270233202138754615/Nc88aa422-024d-4384-9f1f-2c84c8057e91-Nf2d57657-6f32-4f07-a00a-67f1b1c0d60f-document.msapp"},"imageUris":[],"additionalUris":[]},"createdTime":"0001-01-01T00:00:00Z","lastModifiedTime":"0001-01-01T00:00:00Z","sharedGroupsCount":0,"sharedUsersCount":0,"connectionReferences":{"26b27ede-7484-4345-8688-a483966fb158":{"id":"c7a3a81b-4dab-422e-8529-252ae3e8d81e","displayName":"SharePoint","iconUri":"https://conn-afd-prod-endpoint-bmc9bqahasf3grgk.b01.azurefd.net/releases/v1.0.1746/1.0.1746.4174/sharepointonline/icon.png","dataSources":["SM_Category_Config","SM_Stationery_Item_config","SM_Request_List","SM_Request_Item","SM_User_Permission","Document_Guide"],"dependencies":[],"dependents":[],"parameterHints":{},"parameterHintsV2":{},"isOnPremiseConnection":false,"bypassConsent":false,"dataSets":{"https://hcm05.sharepoint.com/sites/Stationery_Khiem":{"dataSources":{"SM_Category_Config":{"tableName":"477d1176-e581-4728-9c71-39b7210f02c4"},"SM_Stationery_Item_config":{"tableName":"88b1f4df-6064-4d44-8b6d-be4738169f91"},"SM_Request_List":{"tableName":"0343fb7f-968a-4472-85d8-a69533a0c195"},"SM_Request_Item":{"tableName":"f5d6685f-803d-4e62-8951-1ba2c4f1e973"},"SM_User_Permission":{"tableName":"66572cf7-5e67-4fa2-909a-e5036d82c1a9"},"Document_Guide":{"tableName":"de556119-a5a0-42b1-be17-b1ccee149491"}}}},"apiTier":"Standard","isCustomApiConnection":false,"actions":["providers/PowerPlatform.Governance/Operations/Read","providers/PowerPlatform.Governance/Operations/Write","providers/PowerPlatform.Governance/Operations/Delete"]},"089d1cc8-f48a-4d68-ae85-23a044257176":{"id":"5ab6e948-a363-4201-a78d-625574cf9299","displayName":"Office 365 Users","iconUri":"https://conn-afd-prod-endpoint-bmc9bqahasf3grgk.b01.azurefd.net/v1.0.1751/1.0.1751.4213/office365users/icon.png","dataSources":["Office365Users"],"dependencies":[],"dependents":[],"parameterHints":{},"parameterHintsV2":{},"isOnPremiseConnection":false,"bypassConsent":false,"dataSets":{},"apiTier":"Standard","isCustomApiConnection":false,"actions":["UserPhoto_V2"]}},"databaseReferences":{},"almMode":"Environment","performanceOptimizationEnabled":true,"canConsumeAppPass":true,"enableModernRuntimeMode":false,"executionRestrictions":{"isTeamsOnly":false,"dataLossPreventionEvaluationResult":{"status":"Compliant","lastEvaluationDate":"2025-05-12T15:43:45.3559621Z","violations":[],"violationsByPolicy":[],"violationErrorMessage":"The app uses the following connectors: shared_sharepointonline, shared_office365users, shared_logicflows."},"httpActionRestriction":{"appUsesSharepointHttpAction":false,"enforcementStrategy":"Legacy","evaluationTime":"2025-05-12T15:43:45.3559025Z"}}},"isAppComponentLibrary":false,"appType":"ClassicCanvasApp","appComponents":[]}}